episode,episode_reward,step,success_rate
1.0,-12.161144990101457,0,0.0
21.0,-8.126954844407738,1000,0.0
41.0,-12.069830399006605,2000,0.0
