episode,episode_reward,step,success_rate
1.0,18.204955217277185,0,0.0
41.0,17.74478880180076,40000,0.0
81.0,654.9488421580882,80000,0.15
121.0,423.3784660604012,120000,0.1
161.0,297.733457871057,160000,0.05
