episode,first_person_cam_episode_reward,first_person_cam_success_rate,step,third_person_cam_episode_reward,third_person_cam_success_rate
1.0,12.410061006347402,0.0,0,21.51211276525147,0.0
41.0,107.84679577617416,0.05,40000,5.307796985059488,0.0
81.0,362.383733680702,0.1,80000,312.31116829037927,0.0
121.0,342.8345716443415,0.05,120000,418.4347563792479,0.0
161.0,289.0709253364827,0.1,160000,338.12712005749677,0.1
