actor_entropy,actor_loss,actor_target_entropy,alpha_loss,alpha_value,batch_reward,critic_loss,duration,episode,episode_reward,mvd_loss,step,success_rate
2.4146209919452666,-0.7664789730757475,-4.0,0.6334801335334778,0.09878742869060689,0.06598295251280069,0.07594180860370398,71.13938879966736,3.0,7.008721182521498,1.923216319322586,3000,0.0
2.5055286359786986,-1.4566440906524658,-4.0,0.6268285838365555,0.09635798095106476,0.05953683660179376,0.03478697865828872,61.66558504104614,4.0,39.52734442230986,1.0496237502098082,4000,0.0
